{"cameraMode":{"drawMode":0,"name":"Shaded","section":"Shading Mode"},"sceneLighting":true,"audioPlay":false,"sceneViewState":{"showFog":true,"showMaterialUpdate":false,"showSkybox":true,"showFlares":true,"showImageEffects":true,"showParticleSystems":true},"in2DMode":false,"pivot":{"x":-1.360864520072937,"y":2.909792900085449,"z":9.162843704223633},"rotation":{"x":0.1393537074327469,"y":-0.003562177764251828,"z":0.0005011152825318277,"w":0.9902361631393433},"size":56.93499755859375,"orthographic":false}